Dataset,Model,BatchSize,StartingLr,N_days,HiddenSize,Seed,BestEpoch,TestAcc,TestLoss,ValAcc,ValLoss,TestF1,ValF1,,,
ROBOD,LSTM,256,0.0005,10,16,0,29,0.741477,159.4491,0.82936,161.3909,0.700912261,0.821005962,,,
ROBOD,GRU,256,0.0005,10,16,0,29,0.738095,125.0191,0.806841,119.2268,0.695889559,0.798382381,,,
ROBOD,ConvNet,128,0.005,10,16,0,2,0.863758,48.1053,0.905899,31.4051,0.638198107,0.751755734,,,
ROBOD,GRU,64,0.001,10,32,0,29,0.852623,24.244,0.90602,15.6107,0.492881992,0.58683496,,,
ROBOD,ConvNet,128,0.001,10,32,0,10,0.874238,39.6209,0.923084,29.6653,0.635177356,0.761639448,,,
ROBOD,ConvNet,256,0.0005,10,64,0,23,0.876674,81.5013,0.914837,58.6161,0.774146079,0.898872297,,,
ROBOD,ConvNet,256,0.01,10,16,0,2,0.87779,79.7372,0.916734,55.6471,0.773603137,0.902065088,,,
ROBOD,LSTM,64,0.001,10,32,0,29,0.847994,26.6824,0.921415,17.2164,0.498656468,0.586805792,,,
ROBOD,LSTM,128,0.0005,10,64,0,29,0.828887,61.1482,0.879729,52.434,0.632109253,0.721712003,,,
ROBOD,GRU,128,0.0005,10,32,0,29,0.782844,55.0619,0.817301,43.8427,0.603254797,0.703143061,,,
ROBOD,GRU,64,0.005,10,32,0,10,0.883488,19.6471,0.930836,12.3915,0.489640699,0.584892727,,,
ROBOD,LSTM,64,0.005,10,32,0,14,0.875772,22.2612,0.928309,13.5372,0.475623066,0.56563795,,,
ROBOD,ConvNet,256,0.005,10,64,0,2,0.877418,81.2288,0.924312,58.6247,0.773238043,0.906916777,,,
ROBOD,LSTM,256,0.01,10,16,0,29,0.881324,79.073,0.920744,58.2031,0.778353878,0.903069831,,,
ROBOD,GRU,256,0.01,10,16,0,20,0.87128,86.4544,0.920681,59.2872,0.757217835,0.89811097,,,
ROBOD,ConvNet,256,0.01,10,16,0,2,0.885603,74.9419,0.924889,58.3209,0.77935231,0.905122548,,,
ROBOD,LSTM,256,0.01,10,32,0,23,0.876302,82.0928,0.92311,53.6266,0.770984464,0.907462536,,,
ROBOD,GRU,256,0.01,10,32,0,16,0.886719,81.3747,0.927074,55.0324,0.7816918,0.909238458,,,
ROBOD,ConvNet,256,0.01,10,32,0,2,0.87779,73.3143,0.914955,55.7586,0.772168191,0.896875203,,,
ROBOD,LSTM,256,0.01,10,64,0,27,0.876674,73.5019,0.92862,52.1967,0.77103366,0.910262015,,,
ROBOD,GRU,256,0.01,10,64,0,16,0.891183,75.1205,0.927592,53.4767,0.7846674,0.909190046,,,
ROBOD,ConvNet,256,0.01,10,64,0,2,0.887463,66.1868,0.923862,55.801,0.777485588,0.90178487,,,
ROBOD,LSTM,128,0.01,10,16,0,10,0.869474,47.4135,0.922008,30.0982,0.63224727,0.760631986,,,
ROBOD,GRU,128,0.01,10,16,0,16,0.879954,44.9883,0.923375,25.6147,0.62928453,0.749478728,,,
ROBOD,ConvNet,128,0.01,10,16,0,2,0.886623,38.318,0.910483,27.8269,0.662014835,0.72791294,,,
ROBOD,LSTM,128,0.01,10,32,0,16,0.877668,41.3285,0.922552,24.9976,0.637994551,0.759226313,,,
ROBOD,GRU,128,0.01,10,32,0,10,0.884337,39.9142,0.928152,26.4116,0.632975244,0.771970296,,,
ROBOD,ConvNet,128,0.01,10,32,0,2,0.886814,36.9122,0.905561,29.8746,0.645048402,0.734356312,,,
ROBOD,LSTM,128,0.01,10,64,0,16,0.877477,43.1723,0.91549,27.012,0.630594902,0.752558813,,,
ROBOD,GRU,128,0.01,10,64,0,8,0.889101,36.3683,0.926313,25.7591,0.631120978,0.766523573,,,
ROBOD,ConvNet,128,0.01,10,64,0,1,0.874619,45.2344,0.913567,30.5497,0.655184474,0.756078823,,,
ROBOD,LSTM,64,0.01,10,16,0,10,0.874228,21.6809,0.934283,12.8249,0.492383106,0.585092916,,,
ROBOD,GRU,64,0.01,10,16,0,8,0.879823,19.3271,0.919118,13.4563,0.484559153,0.559883452,,,
ROBOD,ConvNet,64,0.01,10,16,0,1,0.878665,20.4179,0.91705,14.0614,0.519012934,0.578341046,,,
ROBOD,LSTM,64,0.01,10,32,0,8,0.870949,20.0301,0.92739,12.1815,0.494642363,0.582482865,,,
ROBOD,GRU,64,0.01,10,32,0,8,0.882523,22.1385,0.921186,12.378,0.494332187,0.55786706,,,
ROBOD,ConvNet,64,0.01,10,32,0,1,0.874035,21.7974,0.918658,14.8875,0.516055791,0.572284226,,,
ROBOD,LSTM,64,0.01,10,64,0,8,0.870563,21.0382,0.92693,12.418,0.496048768,0.577095896,,,
ROBOD,ConvNet,512,0.01,10,64,0,2,0.88157,171.6737,0.91422,109.8949,0.753276181,0.897860478,,,
ROBOD,ConvNet,512,0.01,10,128,0,2,0.893999,137.7019,0.928117,97.5048,0.766452377,0.915504581,,,
ROBOD,ConvNet,512,0.005,10,64,0,8,0.88157,146.7436,0.916616,111.8993,0.752525724,0.900511445,,,
ROBOD,ConvNet,512,0.005,10,128,0,2,0.882812,168.1758,0.923662,111.5913,0.754393234,0.9089562,,,
ROBOD,ConvNet,512,0.001,10,64,0,14,0.883523,166.2683,0.924751,112.3133,0.754850546,0.90923525,,,
ROBOD,ConvNet,512,0.001,10,128,0,14,0.888139,155.6433,0.925181,113.1488,0.759603958,0.909754169,,,
ROBOD,ConvNet,512,0.0005,10,64,0,14,0.87571,182.8757,0.890948,132.1286,0.749013265,0.877836268,,,
ROBOD,ConvNet,512,0.0005,10,128,0,14,0.876243,179.0299,0.905105,121.184,0.749052096,0.890322016,,,
ROBOD,ConvNet,512,0.01,10,64,0,2,0.888139,0.3135,0.926049,0.2328,0.760319654,0.911466236,0.268560263,,
ROBOD,ConvNet,512,0.01,10,128,0,2,0.886009,0.284,0.918884,0.2434,0.756734842,0.901227617,0.24846002,,
ROBOD,ConvNet,512,0.005,10,64,0,8,0.888317,0.2852,0.920415,0.2466,0.760403612,0.905428989,0.207544628,,
ROBOD,ConvNet,512,0.005,10,128,0,8,0.891513,0.287,0.917696,0.2437,0.762446551,0.902667652,0.188041828,,
ROBOD,ConvNet,512,0.001,10,64,0,14,0.882102,0.3278,0.923228,0.2465,0.754265733,0.908141898,0.256816491,,
ROBOD,ConvNet,512,0.001,10,128,0,14,0.889027,0.2999,0.925075,0.2406,0.760453404,0.909514092,0.237557952,,
ROBOD,ConvNet,512,0.0005,10,64,0,14,0.87571,0.3944,0.888795,0.2953,0.748195187,0.873873875,0.32839875,,
ROBOD,ConvNet,512,0.0005,10,128,0,14,0.882102,0.3625,0.909114,0.2685,0.755030915,0.893595071,0.288621909,,
ROBOD,GRU,256,0.001,10,64,0,29,0.823289,0.4226,0.872089,0.2998,0.73704003,0.857049038,0.350873407,,
ROBOD,GRU,256,0.001,10,64,0,44,0.817522,0.4282,0.859934,0.2959,0.731448552,0.846656246,0.345760743,,
ROBOD,GRU,256,0.001,10,128,0,29,0.751826,0.444,0.829017,0.3183,0.704845842,0.819491623,0.367060915,,
ROBOD,GRU,256,0.001,10,128,0,44,0.821987,0.425,0.875996,0.2969,0.734922831,0.859124892,0.343027255,,
ROBOD,GRU,512,0.001,10,64,0,29,0.828125,0.432,0.842614,0.345,0.709539522,0.840506141,0.378610606,,
ROBOD,GRU,512,0.001,10,64,0,44,0.728984,0.4609,0.816462,0.345,0.681713359,0.814482789,0.377179553,,
ROBOD,GRU,512,0.001,10,128,0,29,0.835938,0.4404,0.89088,0.3468,0.714116543,0.878373788,0.393567582,,
ROBOD,GRU,256,0.05,10,64,0,8,0.887277,0.2812,0.925524,0.2118,0.777842098,0.908103285,0.201116496,,
ROBOD,GRU,256,0.05,10,64,0,8,0.87872,0.3558,0.925178,0.2039,0.775510846,0.908389973,0.218717955,,
ROBOD,GRU,256,0.05,10,128,0,8,0.882068,0.3518,0.924087,0.2036,0.778301985,0.906786874,0.227597109,,
ROBOD,LSTM,256,0.05,10,32,0,10,0.754204,0.4231,0.878208,0.3319,0.379345219,0.852501549,0.223583232,,
ROBOD,LSTM,256,0.01,10,32,0,7,0.775396,0.389,0.875374,0.3284,0.395716468,0.852246309,0.262092128,,
ROBOD,LSTM,256,0.01,10,32,0,20,0.728504,0.4749,0.759873,0.5237,0.412739347,0.71554028,0.651927616,,
ROBOD,LSTM,256,0.02,10,32,0,50,0.768673,0.3841,0.789324,0.49,0.407413132,0.725236524,0.556310662,,
ROBOD,Naive,128,0.01,10,32,0,1,0.851181,2.3908,0.860524,2.246,0.576560964,0.636633582,3.705820125,,
ROBOD,LSTM,256,0.02,10,32,0,50,0.768673,0.3841,0.789324,0.49,0.407413132,0.725236524,0.556310662,,
ROBOD,LSTM,256,0.02,10,32,0,50,0.768673,0.3841,0.789324,0.49,0.407413132,0.725236524,0.556310662,,
ROBOD,LSTM,256,0.05,10,32,0,10,0.754204,0.4231,0.878208,0.3319,0.379345219,0.852501549,0.223583232,,
ROBOD,LSTM,256,0.05,10,32,0,25,0.759739,0.4213,0.83424,0.3815,0.421558207,0.793718875,0.344802889,,
ROBOD,LSTM,256,0.05,10,32,0,50,0.691622,0.5661,0.849837,0.3571,0.415604294,0.810432533,0.240430406,,
ROBOD,LSTM,256,0.05,10,32,0,25,0.645837,0.817,0.684221,0.6097,0.449468959,0.580741173,0.360539764,,
ROBOD,LSTM,256,0.05,10,32,0,1,0.223451,0.7092,0.445409,0.6979,0.321593391,0.566359311,0.693282007,,
ROBOD,LSTM,256,0.05,10,32,1111,6,0.891162,0.2607,0.91917,0.23465,0.831985,0.895984,0.224522,"Source training with Train Val Test splits, estimation of accuracy",
ROBOD,LSTM,256,0.05,10,32,22,5,0.887415,0.2847,0.91222,0.2331,0.830255096,0.890010316,0.250590397,,
ROBOD,LSTM,256,0.05,10,32,333,15,0.876811,0.3089,0.912453,0.2373,0.803040512,0.888589635,0.153795603,,
ROBOD,LSTM,256,0.05,10,32,4444,5,0.888297,0.2901,0.904745,0.2364,0.832271564,0.887954428,0.255696183,,
ROBOD,LSTM,256,0.05,10,32,5555,5,0.8891,0.3015,0.908041,0.2358,0.834450939,0.89086408,0.239417214,,
ROBOD,LSTM,256,0.05,10,32,66666,7,0.87815,0.3003,0.912739,0.2326,0.817297974,0.8856756,0.225067883,,
ROBOD,LSTM,256,0.05,10,32,77777,7,0.893822,0.2818,0.910818,0.2244,0.836011037,0.892172033,0.219224438,,
ROBOD,LSTM,256,0.05,10,32,888888,8,0.878409,0.2943,0.897789,0.2327,0.823451568,0.878743642,0.209041989,,
ROBOD,LSTM,256,0.05,10,32,999999999,8,0.875504,0.2819,0.914984,0.2427,0.81444308,0.892250646,0.201502642,,
ROBOD,LSTM,256,0.05,10,32,1111,34,0.954975,0.117,0.951069,0.1329,0.929694609,0.881534437,0.121360871,None,2
ROBOD,LSTM,256,0.05,10,32,22,34,0.959883,0.1128,0.968471,0.1131,0.931627927,0.901773806,0.110674426,None,2
ROBOD,LSTM,256,0.05,10,32,333,35,0.95686,0.1151,0.952009,0.1354,0.930137676,0.888678355,0.117386698,None,2
ROBOD,LSTM,256,0.05,10,32,4444,35,0.949191,0.1269,0.933666,0.1593,0.924226921,0.887068088,0.130950352,None,2
ROBOD,LSTM,256,0.05,10,32,5555,33,0.953743,0.1222,0.961113,0.1307,0.927007948,0.894474286,0.122195898,None,2
ROBOD,LSTM,256,0.05,10,32,66666,34,0.958555,0.1117,0.958602,0.1132,0.928907119,0.890115554,0.112459164,None,2
ROBOD,LSTM,256,0.02,10,32,0,25,0.823345,0.4014,0.752516,0.6411,0.441341798,0.694421372,0.400090188,1,2
ROBOD,LSTM,256,0.02,10,32,0,25,0.823212,0.4011,0.752516,0.6409,0.441123739,0.694421372,0.367315263,1,2
ROBOD,LSTM,256,0.02,10,32,0,25,0.822936,0.4026,0.750953,0.6419,0.441414133,0.692988593,0.392769031,1,2
ROBOD,LSTM,256,0.02,10,32,0,25,0.823201,0.4017,0.751735,0.6415,0.441405752,0.693701505,0.381133548,1,2
ROBOD,LSTM,256,0.02,10,32,0,25,0.823069,0.4023,0.750953,0.6419,0.441365095,0.692988593,0.381879881,1,2
ROBOD,LSTM,256,0.02,10,32,0,25,0.823201,0.402,0.750953,0.6416,0.441475824,0.692988593,0.410860447,1,2
ROBOD,LSTM,256,0.02,10,32,0,25,0.823267,0.4015,0.752516,0.6412,0.441461635,0.694421372,0.394751294,1,2
ROBOD,LSTM,256,0.02,10,32,0,25,0.823201,0.4017,0.751735,0.6414,0.441405752,0.693701505,0.380479532,1,2
ROBOD,LSTM,256,0.02,10,32,0,25,0.823002,0.4024,0.750953,0.642,0.44131368,0.692988593,0.376114307,1,2
ROBOD,LSTM,256,0.02,10,32,0,25,0.833128,0.3604,0.754873,0.5735,0.436159267,0.687669019,0.466956904,2,2
ROBOD,LSTM,256,0.02,10,32,0,25,0.833128,0.3604,0.754873,0.5735,0.436159267,0.687669019,0.466956904,2,2
ROBOD,LSTM,256,0.02,10,32,0,25,0.833128,0.3604,0.754873,0.5735,0.436159267,0.687669019,0.466956904,2,2
ROBOD,LSTM,256,0.02,10,32,0,25,0.833128,0.3604,0.754873,0.5735,0.436159267,0.687669019,0.466956904,2,2
ROBOD,LSTM,256,0.02,10,32,0,25,0.833128,0.3604,0.754873,0.5735,0.436159267,0.687669019,0.466956904,2,2
ROBOD,LSTM,256,0.02,10,32,0,25,0.833128,0.3604,0.754873,0.5735,0.436159267,0.687669019,0.466956904,2,2
ROBOD,LSTM,256,0.02,10,32,0,25,0.833128,0.3604,0.754873,0.5735,0.436159267,0.687669019,0.466956904,2,2
ROBOD,LSTM,256,0.02,10,32,0,25,0.833128,0.3604,0.754873,0.5735,0.436159267,0.687669019,0.466956904,2,2
ROBOD,LSTM,256,0.02,10,32,0,25,0.833128,0.3604,0.754873,0.5735,0.436159267,0.687669019,0.466956904,2,2
ROBOD,LSTM,256,0.02,10,32,0,25,0.829906,0.3649,0.785371,0.4991,0.429497299,0.737190351,0.466956904,3,2
ROBOD,LSTM,256,0.02,10,32,0,25,0.829906,0.3649,0.785371,0.4991,0.429497299,0.737190351,0.466956904,3,2
ROBOD,LSTM,256,0.02,10,32,0,25,0.829906,0.3649,0.785371,0.4991,0.429497299,0.737190351,0.466956904,3,2
ROBOD,LSTM,256,0.02,10,32,0,25,0.829906,0.3649,0.785371,0.4991,0.429497299,0.737190351,0.466956904,3,2
ROBOD,LSTM,256,0.02,10,32,0,25,0.829906,0.3649,0.785371,0.4991,0.429497299,0.737190351,0.466956904,3,2
ROBOD,LSTM,256,0.02,10,32,0,25,0.829906,0.3649,0.785371,0.4991,0.429497299,0.737190351,0.466956904,3,2
ROBOD,LSTM,256,0.02,10,32,0,25,0.829906,0.3649,0.785371,0.4991,0.429497299,0.737190351,0.466956904,3,2
ROBOD,LSTM,256,0.02,10,32,0,25,0.829906,0.3649,0.785371,0.4991,0.429497299,0.737190351,0.466956904,3,2
ROBOD,LSTM,256,0.02,10,32,0,25,0.829906,0.3649,0.785371,0.4991,0.429497299,0.737190351,0.466956904,3,2
ROBOD,LSTM,256,0.02,10,32,0,25,0.840536,0.3477,0.82845,0.3932,0.388849569,0.769933532,0.491131904,4,2
ROBOD,LSTM,256,0.02,10,32,0,25,0.840536,0.3477,0.82845,0.3932,0.388849569,0.769933532,0.491131904,4,2
ROBOD,LSTM,256,0.02,10,32,0,25,0.840536,0.3477,0.82845,0.3932,0.388849569,0.769933532,0.491131904,4,2
ROBOD,LSTM,256,0.02,10,32,0,25,0.840536,0.3477,0.82845,0.3932,0.388849569,0.769933532,0.491131904,4,2
ROBOD,LSTM,256,0.02,10,32,0,25,0.840536,0.3477,0.82845,0.3932,0.388849569,0.769933532,0.491131904,4,2
ROBOD,LSTM,256,0.02,10,32,0,25,0.840536,0.3477,0.82845,0.3932,0.388849569,0.769933532,0.491131904,4,2
ROBOD,LSTM,256,0.02,10,32,0,25,0.840536,0.3477,0.82845,0.3932,0.388849569,0.769933532,0.491131904,4,2
ROBOD,LSTM,256,0.02,10,32,0,25,0.840536,0.3477,0.82845,0.3932,0.388849569,0.769933532,0.491131904,4,2
ROBOD,LSTM,256,0.02,10,32,0,25,0.840536,0.3477,0.82845,0.3932,0.388849569,0.769933532,0.491131904,4,2
ROBOD,LSTM,256,0.02,10,32,0,25,0.843984,0.3414,0.821858,0.4074,0.337709927,0.742517752,0.491131904,5,2
ROBOD,LSTM,256,0.02,10,32,0,25,0.843984,0.3414,0.821858,0.4074,0.337709927,0.742517752,0.491131904,5,2
ROBOD,LSTM,256,0.02,10,32,0,25,0.843984,0.3414,0.821858,0.4074,0.337709927,0.742517752,0.491131904,5,2
ROBOD,LSTM,256,0.02,10,32,0,25,0.843984,0.3414,0.821858,0.4074,0.337709927,0.742517752,0.491131904,5,2
ROBOD,LSTM,256,0.02,10,32,0,25,0.843984,0.3414,0.821858,0.4074,0.337709927,0.742517752,0.491131904,5,2
ROBOD,LSTM,256,0.02,10,32,0,25,0.843984,0.3414,0.821858,0.4074,0.337709927,0.742517752,0.491131904,5,2
ROBOD,LSTM,256,0.02,10,32,0,25,0.843984,0.3414,0.821858,0.4074,0.337709927,0.742517752,0.491131904,5,2
ROBOD,LSTM,256,0.02,10,32,0,25,0.843984,0.3414,0.821858,0.4074,0.337709927,0.742517752,0.491131904,5,2
ROBOD,LSTM,256,0.02,10,32,0,25,0.843984,0.3414,0.821858,0.4074,0.337709927,0.742517752,0.491131904,5,2
ROBOD,LSTM,256,0.05,10,32,0,25,0.833212,0.3663,0.720683,0.6135,0.431015976,0.644479708,0.370357487,1,2
ROBOD,LSTM,256,0.05,10,32,0,25,0.834271,0.3647,0.714685,0.6129,0.43007319,0.633559958,0.346025121,1,2
ROBOD,LSTM,256,0.05,10,32,0,25,0.833741,0.3658,0.720683,0.6134,0.431002766,0.644479708,0.376243723,1,2
ROBOD,LSTM,256,0.05,10,32,0,25,0.833212,0.3664,0.719902,0.6135,0.431096636,0.643794596,0.345276497,1,2
ROBOD,LSTM,256,0.05,10,32,0,25,0.832207,0.3674,0.723292,0.6139,0.431343601,0.649299738,0.36269709,1,2
ROBOD,LSTM,256,0.05,10,32,0,25,0.832682,0.367,0.721597,0.614,0.43099648,0.646571102,0.365949286,1,2
ROBOD,LSTM,256,0.05,10,32,0,25,0.833609,0.3656,0.720683,0.6128,0.430969759,0.644479708,0.357093037,1,2
ROBOD,LSTM,256,0.05,10,32,0,25,0.831931,0.3676,0.724987,0.6141,0.431269267,0.65198173,0.338007785,1,2
ROBOD,LSTM,256,0.05,10,32,0,25,0.833675,0.365,0.71977,0.6126,0.430216769,0.642345155,0.3663835,1,2
ROBOD,LSTM,256,0.05,10,32,0,25,0.836417,0.3396,0.750967,0.5328,0.43229204,0.678517295,0.431315464,2,2
ROBOD,LSTM,256,0.05,10,32,0,25,0.836417,0.3396,0.750967,0.5328,0.43229204,0.678517295,0.431315464,2,2
ROBOD,LSTM,256,0.05,10,32,0,25,0.836417,0.3396,0.750967,0.5328,0.43229204,0.678517295,0.431315464,2,2
ROBOD,LSTM,256,0.05,10,32,0,25,0.836417,0.3396,0.750967,0.5328,0.43229204,0.678517295,0.431315464,2,2
ROBOD,LSTM,256,0.05,10,32,0,25,0.836417,0.3396,0.750967,0.5328,0.43229204,0.678517295,0.431315464,2,2
ROBOD,LSTM,256,0.05,10,32,0,25,0.836417,0.3396,0.750967,0.5328,0.43229204,0.678517295,0.431315464,2,2
ROBOD,LSTM,256,0.05,10,32,0,25,0.836417,0.3396,0.750967,0.5328,0.43229204,0.678517295,0.431315464,2,2
ROBOD,LSTM,256,0.05,10,32,0,25,0.836417,0.3396,0.750967,0.5328,0.43229204,0.678517295,0.431315464,2,2
ROBOD,LSTM,256,0.05,10,32,0,25,0.836417,0.3396,0.750967,0.5328,0.43229204,0.678517295,0.431315464,2,2
ROBOD,LSTM,256,0.05,10,32,0,25,0.833384,0.3442,0.782581,0.4596,0.425354748,0.728233919,0.431315464,3,2
ROBOD,LSTM,256,0.05,10,32,0,25,0.833384,0.3442,0.782581,0.4596,0.425354748,0.728233919,0.431315464,3,2
ROBOD,LSTM,256,0.05,10,32,0,25,0.833384,0.3442,0.782581,0.4596,0.425354748,0.728233919,0.431315464,3,2
ROBOD,LSTM,256,0.05,10,32,0,25,0.833384,0.3442,0.782581,0.4596,0.425354748,0.728233919,0.431315464,3,2
ROBOD,LSTM,256,0.05,10,32,0,25,0.833384,0.3442,0.782581,0.4596,0.425354748,0.728233919,0.431315464,3,2
ROBOD,LSTM,256,0.05,10,32,0,25,0.833384,0.3442,0.782581,0.4596,0.425354748,0.728233919,0.431315464,3,2
ROBOD,LSTM,256,0.05,10,32,0,25,0.833384,0.3442,0.782581,0.4596,0.425354748,0.728233919,0.431315464,3,2
ROBOD,LSTM,256,0.05,10,32,0,25,0.833384,0.3442,0.782581,0.4596,0.425354748,0.728233919,0.431315464,3,2
ROBOD,LSTM,256,0.05,10,32,0,25,0.833384,0.3442,0.782581,0.4596,0.425354748,0.728233919,0.431315464,3,2
ROBOD,LSTM,256,0.05,10,32,0,25,0.84001,0.3308,0.831363,0.3725,0.388468576,0.773053351,0.453263288,4,2
ROBOD,LSTM,256,0.05,10,32,0,25,0.84001,0.3308,0.831363,0.3725,0.388468576,0.773053351,0.453263288,4,2
ROBOD,LSTM,256,0.05,10,32,0,25,0.84001,0.3308,0.831363,0.3725,0.388468576,0.773053351,0.453263288,4,2
ROBOD,LSTM,256,0.05,10,32,0,25,0.84001,0.3308,0.831363,0.3725,0.388468576,0.773053351,0.453263288,4,2
ROBOD,LSTM,256,0.05,10,32,0,25,0.84001,0.3308,0.831363,0.3725,0.388468576,0.773053351,0.453263288,4,2
ROBOD,LSTM,256,0.05,10,32,0,25,0.84001,0.3308,0.831363,0.3725,0.388468576,0.773053351,0.453263288,4,2
ROBOD,LSTM,256,0.05,10,32,0,25,0.84001,0.3308,0.831363,0.3725,0.388468576,0.773053351,0.453263288,4,2
ROBOD,LSTM,256,0.05,10,32,0,25,0.84001,0.3308,0.831363,0.3725,0.388468576,0.773053351,0.453263288,4,2
ROBOD,LSTM,256,0.05,10,32,0,25,0.84001,0.3308,0.831363,0.3725,0.388468576,0.773053351,0.453263288,4,2
ROBOD,LSTM,256,0.05,10,32,0,25,0.843437,0.3252,0.823594,0.3839,0.337312154,0.744884614,0.453263288,5,2
ROBOD,LSTM,256,0.05,10,32,0,25,0.843437,0.3252,0.823594,0.3839,0.337312154,0.744884614,0.453263288,5,2
ROBOD,LSTM,256,0.05,10,32,0,25,0.843437,0.3252,0.823594,0.3839,0.337312154,0.744884614,0.453263288,5,2
ROBOD,LSTM,256,0.05,10,32,0,25,0.843437,0.3252,0.823594,0.3839,0.337312154,0.744884614,0.453263288,5,2
ROBOD,LSTM,256,0.05,10,32,0,25,0.843437,0.3252,0.823594,0.3839,0.337312154,0.744884614,0.453263288,5,2
ROBOD,LSTM,256,0.05,10,32,0,25,0.843437,0.3252,0.823594,0.3839,0.337312154,0.744884614,0.453263288,5,2
ROBOD,LSTM,256,0.05,10,32,0,25,0.843437,0.3252,0.823594,0.3839,0.337312154,0.744884614,0.453263288,5,2
ROBOD,LSTM,256,0.05,10,32,0,25,0.843437,0.3252,0.823594,0.3839,0.337312154,0.744884614,0.453263288,5,2
ROBOD,LSTM,256,0.05,10,32,0,25,0.843437,0.3252,0.823594,0.3839,0.337312154,0.744884614,0.453263288,5,2
ROBOD,LSTM,256,0.1,10,32,0,25,0.835342,0.3515,0.708686,0.5879,0.428493651,0.621412893,0.329398787,1,2
ROBOD,LSTM,256,0.1,10,32,0,25,0.834801,0.3519,0.708686,0.5877,0.428790682,0.621412893,0.33167604,1,2
ROBOD,LSTM,256,0.1,10,32,0,25,0.83554,0.3502,0.710249,0.5881,0.426002834,0.622835143,0.345841163,1,2
ROBOD,LSTM,256,0.1,10,32,0,25,0.835209,0.3512,0.709468,0.5877,0.428247293,0.622120857,0.333028062,1,2
ROBOD,LSTM,256,0.1,10,32,0,25,0.835143,0.3508,0.709468,0.5873,0.426751053,0.622120857,0.340548901,1,2
ROBOD,LSTM,256,0.1,10,32,0,25,0.835275,0.3511,0.709468,0.5871,0.428357738,0.622120857,0.341241624,1,2
ROBOD,LSTM,256,0.1,10,32,0,25,0.835474,0.3498,0.710249,0.587,0.426002834,0.622835143,0.360325272,1,2
ROBOD,LSTM,256,0.1,10,32,0,25,0.835342,0.35,0.709468,0.5869,0.425962045,0.622120857,0.335727406,1,2
ROBOD,LSTM,256,0.1,10,32,0,25,0.835275,0.3511,0.709468,0.5877,0.427843676,0.622120857,0.327160122,1,2
ROBOD,LSTM,256,0.1,10,32,0,25,0.829359,0.3391,0.761904,0.5014,0.437849965,0.703818718,0.402403458,2,2
ROBOD,LSTM,256,0.1,10,32,0,25,0.829359,0.3391,0.761904,0.5014,0.437849965,0.703818718,0.402403458,2,2
ROBOD,LSTM,256,0.1,10,32,0,25,0.829359,0.3391,0.761904,0.5014,0.437849965,0.703818718,0.402403458,2,2
ROBOD,LSTM,256,0.1,10,32,0,25,0.829359,0.3391,0.761904,0.5014,0.437849965,0.703818718,0.402403458,2,2
ROBOD,LSTM,256,0.05,10,32,1111,12,0.659759,0.6603,0.573411,0.6841,0.422668208,0.485094378,0.57394357,1,2
ROBOD,LSTM,256,0.05,10,32,22,17,0.678518,0.6631,0.582786,0.6714,0.434215241,0.488883638,0.579697748,1,2
ROBOD,LSTM,256,0.05,10,32,333,23,0.670186,0.6714,0.588003,0.6757,0.438638159,0.509249197,0.532878523,1,2
ROBOD,LSTM,256,0.05,10,32,4444,9,0.326405,0.7122,0.551377,0.6985,0.35203819,0.600249234,0.657141852,1,2
ROBOD,LSTM,256,0.05,10,32,5555,8,0.414857,0.7294,0.4933,0.7025,0.38203155,0.584536749,0.634351812,1,2
ROBOD,LSTM,256,0.05,10,32,66666,16,0.54596,0.7287,0.649484,0.6973,0.423537943,0.631137255,0.57984242,1,2
ROBOD,LSTM,256,0.05,10,32,77777,21,0.674578,0.6533,0.584997,0.6611,0.43002595,0.487336521,0.503381951,1,2
ROBOD,LSTM,256,0.05,10,32,888888,20,0.681144,0.662,0.588771,0.6683,0.429404433,0.485229979,0.519784235,1,2
ROBOD,LSTM,256,0.05,10,32,999999999,18,0.674611,0.6541,0.59334,0.6671,0.438842671,0.513904279,0.571981965,1,2
ROBOD,LSTM,256,0.05,10,32,1111,25,0.652689,0.7019,0.667479,0.6491,0.458954042,0.608698378,0.453082697,2,2
ROBOD,LSTM,256,0.05,10,32,22,24,0.644397,0.6385,0.661613,0.6505,0.455907427,0.586763944,0.463974363,2,2
ROBOD,LSTM,256,0.05,10,32,333,22,0.660126,0.7052,0.675424,0.6577,0.458865421,0.612600403,0.438748454,2,2
ROBOD,LSTM,256,0.05,10,32,4444,25,0.701549,0.5818,0.669306,0.6137,0.457856677,0.582152942,0.406777115,2,2
ROBOD,LSTM,256,0.05,10,32,5555,24,0.679827,0.6312,0.673464,0.6359,0.455873175,0.620797567,0.417352172,2,2
ROBOD,LSTM,256,0.05,10,32,66666,22,0.687228,0.6456,0.645975,0.6318,0.453672196,0.56855034,0.439472581,2,2
ROBOD,LSTM,256,0.05,10,32,77777,25,0.687449,0.631,0.631912,0.636,0.45444591,0.538483469,0.407364512,2,2
ROBOD,LSTM,256,0.05,10,32,888888,25,0.653785,0.6557,0.666433,0.618,0.455392884,0.604362861,0.398523842,2,2
ROBOD,LSTM,256,0.05,10,32,999999999,23,0.668073,0.6144,0.651841,0.6355,0.445813466,0.55514927,0.405280419,2,2
ROBOD,LSTM,256,0.05,10,32,1111,25,0.688834,0.6784,0.696171,0.5946,0.460456991,0.623147968,0.406348512,3,2
ROBOD,LSTM,256,0.05,10,32,22,25,0.661355,0.6265,0.712336,0.5598,0.445764329,0.64572871,0.395191562,3,2
ROBOD,LSTM,256,0.05,10,32,333,23,0.68134,0.6623,0.678173,0.6217,0.437104537,0.578053129,0.494551767,3,2
ROBOD,LSTM,256,0.05,10,32,4444,25,0.678455,0.6557,0.70161,0.5849,0.458336473,0.635166372,0.421780298,3,2
ROBOD,LSTM,256,0.05,10,32,5555,25,0.624154,0.6141,0.708466,0.5651,0.438145388,0.637052138,0.411382552,3,2
ROBOD,LSTM,256,0.05,10,32,66666,24,0.687946,0.6435,0.688444,0.6038,0.44974107,0.600795536,0.450257814,3,2
ROBOD,LSTM,256,0.05,10,32,77777,25,0.675468,0.6572,0.683962,0.6115,0.44745634,0.603261595,0.460663006,3,2
ROBOD,LSTM,256,0.05,10,32,888888,25,0.66469,0.7166,0.715874,0.5986,0.455853751,0.663323177,0.412912605,3,2
ROBOD,LSTM,256,0.05,10,32,999999999,25,0.662667,0.631,0.706075,0.5602,0.452368944,0.637167278,0.412078071,3,2
ROBOD,LSTM,256,0.05,10,32,1111,25,0.647085,0.574,0.821717,0.4269,0.442959785,0.775204315,0.382529261,4,2
ROBOD,LSTM,256,0.05,10,32,22,25,0.641323,0.5765,0.797249,0.4762,0.441613265,0.73893091,0.454685703,4,2
ROBOD,LSTM,256,0.05,10,32,333,25,0.634854,0.6293,0.807852,0.461,0.438572675,0.772176974,0.448215839,4,2
ROBOD,LSTM,256,0.05,10,32,4444,25,0.677032,0.5354,0.804136,0.4907,0.43981142,0.72784297,0.459777422,4,2
ROBOD,LSTM,256,0.05,10,32,1111,25,0.675883,0.5601,0.822973,0.452,0.413037859,0.76577006,0.438988545,5,2
ROBOD,LSTM,256,0.05,10,32,22,25,0.596708,0.6587,0.805213,0.4717,0.390835114,0.760173736,0.47186026,5,2
ROBOD,LSTM,256,0.05,10,32,333,25,0.659395,0.62,0.837871,0.4274,0.406133791,0.792930038,0.402072502,5,2
ROBOD,LSTM,256,0.05,10,32,4444,25,0.629755,0.5828,0.820475,0.4391,0.399240798,0.775006032,0.400614765,5,2
ROBOD,LSTM,256,0.05,10,32,5555,25,0.722967,0.5367,0.792069,0.4899,0.406226184,0.704050018,0.488630112,5,2
ROBOD,LSTM,256,0.05,10,32,66666,25,0.62159,0.5649,0.807401,0.4526,0.398565771,0.758535757,0.414833194,5,2
ROBOD,LSTM,256,0.05,10,32,77777,25,0.620034,0.5819,0.796984,0.4554,0.394186547,0.745453578,0.437476537,5,2
ROBOD,LSTM,256,0.05,10,32,888888,25,0.660385,0.5682,0.801547,0.4455,0.409173884,0.737516495,0.404628811,5,2
ROBOD,LSTM,256,0.05,10,32,999999999,25,0.603532,0.6103,0.809084,0.4416,0.392003067,0.773364827,0.421141872,5,2
ROBOD,LSTM,256,0.1,10,32,5555,24,0.634676,0.6197,0.856266,0.3576,0.44277385089256704,0.8369804813962077,0.30999808097598563,4, 2
ROBOD,LSTM,256,0.1,10,32,66666,24,0.616306,0.6944,0.865998,0.3689,0.4329563126206224,0.8478107972546703,0.30679922300913803,4, 2
ROBOD,LSTM,256,0.1,10,32,77777,25,0.638295,0.6798,0.854592,0.3580,0.44687351016948157,0.8299490690314814,0.2876603450886039,4, 2
ROBOD,LSTM,256,0.1,10,32,888888,25,0.648824,0.6082,0.835024,0.3960,0.4440268276474837,0.7926877605976151,0.2924845572127852,4, 2
ROBOD,LSTM,256,0.1,10,32,999999999,25,0.646389,0.6143,0.855027,0.3658,0.45135489705994414,0.8315527321624704,0.28134537233268697,4, 2
ROBOD,Naive,256,0.1,10,32,0,1,0.728274,4.3436,0.670599,5.2898,0.40953007444149214,0.5824373741070727,5.508149622286673,4, 2
ROBOD,Naive,256,0.1,10,32,0,1,0.724051,4.4138,0.567240,6.9431,0.4146521508637825,0.379486073183936,3.7082728986386897,1, 2
ROBOD,Naive,256,0.1,10,32,0,1,0.729441,4.3269,0.573702,6.8405,0.4202476481358834,0.4010728704870635,4.189783728564227,2, 2
ROBOD,Naive,256,0.1,10,32,0,1,0.727371,4.3591,0.605622,6.3271,0.4262242514309489,0.45296836613250824,4.189783728564227,3, 2
ROBOD,Naive,256,0.1,10,32,0,1,0.728274,4.3436,0.670599,5.2898,0.40953007444149214,0.5824373741070727,5.508149622286673,4, 2
ROBOD,Naive,256,0.1,10,32,0,1,0.733990,4.2515,0.667214,5.3415,0.3814914928770986,0.537847502252328,5.508149622286673,5, 2
