Dataset,Model,|BatchSize,Lr,N_past,Hidden_size,Seed,BestEpoch,TestAcc,TestLoss,ValAcc,ValLoss,TestF1,ValF1,TestLoss,Train_days,Num_frozen,Type
ROBOD,LSTM,256,0.02,10,32,1111,4,0.779542,0.5103,0.723027,0.5958,0.480204306,0.619227296,0.123623123,1,0,Transfer
ROBOD,LSTM,256,0.02,10,32,22,2,0.810498,0.4199,0.712328,0.5974,0.4682046,0.583786479,0.21201597,1,0,Transfer
ROBOD,LSTM,256,0.02,10,32,333,1,0.813435,0.4373,0.707283,0.6671,0.458962833,0.620800615,0.312437984,1,0,Transfer
ROBOD,LSTM,256,0.02,10,32,4444,2,0.784376,0.4607,0.704555,0.6173,0.475832157,0.605104398,0.202674347,1,0,Transfer
ROBOD,LSTM,256,0.02,10,32,5555,4,0.763,0.5985,0.719664,0.6441,0.482486514,0.62913244,0.130608401,1,0,Transfer
ROBOD,LSTM,256,0.02,10,32,66666,5,0.757968,0.5499,0.720829,0.5646,0.492821092,0.650363817,0.134489932,1,0,Transfer
ROBOD,LSTM,256,0.02,10,32,77777,1,0.802883,0.4238,0.726814,0.5747,0.473008431,0.64673756,0.304923569,1,0,Transfer
ROBOD,LSTM,256,0.02,10,32,888888,3,0.769014,0.5207,0.743247,0.5356,0.496639801,0.687593572,0.154306113,1,0,Transfer
ROBOD,LSTM,256,0.02,10,32,999999999,6,0.763331,0.5995,0.709627,0.5853,0.494532211,0.622194068,0.128431793,1,0,Transfer
ROBOD,LSTM,256,0.02,10,32,1111,2,0.783306,0.485,0.756833,0.5381,0.515773158,0.696421088,0.2550884,2,0,Transfer
ROBOD,LSTM,256,0.02,10,32,22,2,0.758361,0.5357,0.774563,0.5973,0.509706396,0.726306188,0.240877959,2,0,Transfer
ROBOD,LSTM,256,0.02,10,32,333,2,0.809827,0.3699,0.736772,0.5238,0.433494112,0.654468102,0.270648664,2,0,Transfer
ROBOD,LSTM,256,0.02,10,32,4444,4,0.774465,0.4577,0.732865,0.5392,0.478505014,0.653772597,0.185142782,2,0,Transfer
ROBOD,LSTM,256,0.02,10,32,5555,1,0.813665,0.3812,0.796438,0.5022,0.397225049,0.747432051,0.462322677,2,0,Transfer
ROBOD,LSTM,256,0.02,10,32,66666,3,0.762198,0.5119,0.741711,0.5905,0.511616249,0.694690198,0.201463162,2,0,Transfer
ROBOD,LSTM,256,0.02,10,32,77777,7,0.75466,0.4845,0.703271,0.6149,0.492329823,0.634224379,0.177505951,2,0,Transfer
ROBOD,LSTM,256,0.02,10,32,888888,6,0.736225,0.5294,0.759441,0.5687,0.499251323,0.705398409,0.237155187,2,0,Transfer
ROBOD,LSTM,256,0.02,10,32,999999999,1,0.788994,0.4496,0.789539,0.5698,0.507831584,0.730243683,0.511386682,2,0,Transfer
ROBOD,LSTM,256,0.02,10,32,1111,4,0.73451,0.5224,0.79544,0.4279,0.489440695,0.726727661,0.25725927,3,0,Transfer
ROBOD,LSTM,256,0.02,10,32,22,3,0.766354,0.4584,0.789406,0.4687,0.458201326,0.725891119,0.244323913,3,0,Transfer
ROBOD,LSTM,256,0.02,10,32,333,2,0.802818,0.3789,0.799451,0.4269,0.416576104,0.730696033,0.270648664,3,0,Transfer
ROBOD,LSTM,256,0.02,10,32,4444,4,0.765674,0.4721,0.794864,0.4286,0.471041875,0.731119286,0.185142782,3,0,Transfer
ROBOD,LSTM,256,0.02,10,32,5555,1,0.808417,0.387,0.821839,0.4438,0.386637664,0.791407933,0.462322677,3,0,Transfer
ROBOD,LSTM,256,0.02,10,32,66666,6,0.796423,0.4036,0.787628,0.4483,0.42084647,0.692287908,0.186172181,3,0,Transfer
ROBOD,LSTM,256,0.02,10,32,77777,6,0.768866,0.4443,0.779134,0.4593,0.464231908,0.704224054,0.192446774,3,0,Transfer
ROBOD,LSTM,256,0.02,10,32,888888,5,0.752161,0.4717,0.806374,0.4474,0.493241187,0.759946823,0.253134678,3,0,Transfer
ROBOD,LSTM,256,0.02,10,32,999999999,4,0.794505,0.4058,0.78496,0.4338,0.453703966,0.668127001,0.229917722,3,0,Transfer
ROBOD,LSTM,256,0.02,10,32,1111,5,0.786242,0.4028,0.866016,0.3756,0.468434468,0.847824515,0.248133884,4,0,Transfer
ROBOD,LSTM,256,0.02,10,32,22,3,0.776976,0.4525,0.867758,0.3539,0.484309213,0.851633327,0.273552336,4,0,Transfer
ROBOD,LSTM,256,0.02,10,32,333,8,0.786265,0.3965,0.86701,0.3539,0.492257139,0.850943977,0.229357669,4,0,Transfer
ROBOD,LSTM,256,0.02,10,32,4444,4,0.733924,0.4867,0.858063,0.3675,0.475882052,0.840431939,0.286288872,4,0,Transfer
ROBOD,LSTM,256,0.02,10,32,5555,3,0.773111,0.4402,0.873442,0.346,0.488256345,0.859176073,0.276384705,4,0,Transfer
ROBOD,LSTM,256,0.02,10,32,66666,1,0.780037,0.4508,0.866537,0.36,0.461905586,0.851237769,0.457302296,4,0,Transfer
ROBOD,LSTM,256,0.02,10,32,77777,2,0.757817,0.439,0.862717,0.3786,0.481925507,0.844861286,0.305248381,4,0,Transfer
ROBOD,LSTM,256,0.05,10,32,1111,4,0.826435,0.3913,0.704515,0.649,0.436270618,0.615391418,0.374821781,1,1,Transfer
ROBOD,LSTM,256,0.05,10,32,22,8,0.823952,0.3897,0.699166,0.6435,0.437120302,0.601096877,0.347859248,1,1,Transfer
ROBOD,LSTM,256,0.05,10,32,333,5,0.825221,0.3936,0.704515,0.6479,0.436840027,0.615391418,0.349120652,1,1,Transfer
ROBOD,LSTM,256,0.05,10,32,4444,4,0.82468,0.3959,0.703999,0.6502,0.436645078,0.618687756,0.357637136,1,1,Transfer
ROBOD,LSTM,256,0.05,10,32,5555,4,0.823278,0.4004,0.715215,0.6504,0.437670937,0.642234597,0.360921108,1,1,Transfer
ROBOD,LSTM,256,0.05,10,32,66666,4,0.826501,0.3905,0.706078,0.6485,0.435973466,0.616785721,0.359074266,1,1,Transfer
ROBOD,LSTM,256,0.05,10,32,77777,6,0.825563,0.3912,0.700993,0.6495,0.436671253,0.606389681,0.385388086,1,1,Transfer
ROBOD,LSTM,256,0.05,10,32,888888,4,0.823477,0.3992,0.708435,0.6499,0.437490548,0.630623752,0.363571133,1,1,Transfer
ROBOD,LSTM,256,0.05,10,32,999999999,6,0.824217,0.3941,0.702039,0.6477,0.437239472,0.611427013,0.359770303,1,1,Transfer
ROBOD,LSTM,256,0.05,10,32,1111,11,0.835252,0.3445,0.781184,0.5206,0.444743182,0.732201303,0.342950343,2,1,Transfer
ROBOD,LSTM,256,0.05,10,32,22,15,0.830181,0.355,0.779621,0.5212,0.453113553,0.729350981,0.328054933,2,1,Transfer
ROBOD,LSTM,256,0.05,10,32,333,15,0.830798,0.352,0.778059,0.5217,0.448589308,0.726748077,0.317557165,2,1,Transfer
ROBOD,LSTM,256,0.05,10,32,4444,13,0.831483,0.3533,0.783528,0.5227,0.450530623,0.737600229,0.340669411,2,1,Transfer
ROBOD,LSTM,256,0.05,10,32,5555,13,0.831689,0.3522,0.783528,0.5202,0.450083939,0.737600229,0.337205158,2,1,Transfer
ROBOD,LSTM,256,0.05,10,32,66666,12,0.835458,0.3441,0.779621,0.5238,0.445203828,0.729653451,0.342110806,2,1,Transfer
ROBOD,LSTM,256,0.05,10,32,77777,13,0.831826,0.351,0.783528,0.5201,0.448392462,0.737600229,0.336234467,2,1,Transfer
ROBOD,LSTM,256,0.05,10,32,888888,12,0.83347,0.3479,0.782746,0.5211,0.446991192,0.736394199,0.337154152,2,1,Transfer
ROBOD,LSTM,256,0.05,10,32,999999999,12,0.833196,0.3479,0.782746,0.5234,0.446947021,0.736394199,0.335864837,2,1,Transfer
ROBOD,LSTM,256,0.05,10,32,1111,17,0.82411,0.3586,0.82287,0.4438,0.445260132,0.777123572,0.317448049,3,1,Transfer
ROBOD,LSTM,256,0.05,10,32,22,16,0.826946,0.3536,0.822312,0.4439,0.440480933,0.77650404,0.32647673,3,1,Transfer
ROBOD,LSTM,256,0.05,10,32,333,23,0.823242,0.3633,0.82566,0.4474,0.450068728,0.781301214,0.315635888,3,1,Transfer
ROBOD,LSTM,256,0.05,10,32,4444,25,0.822591,0.3632,0.820638,0.4461,0.448193993,0.770911791,0.310441245,3,1,Transfer
ROBOD,LSTM,256,0.05,10,32,5555,21,0.823459,0.3632,0.824544,0.445,0.450033686,0.779577932,0.319247394,3,1,Transfer
ROBOD,LSTM,256,0.05,10,32,66666,16,0.823821,0.3574,0.823986,0.4465,0.443240025,0.779046892,0.329545169,3,1,Transfer
ROBOD,LSTM,256,0.05,10,32,77777,19,0.823387,0.3618,0.823986,0.4471,0.448365524,0.77872366,0.309527765,3,1,Transfer
ROBOD,LSTM,256,0.05,10,32,888888,14,0.827157,0.3519,0.825433,0.4472,0.441121254,0.783683827,0.328862076,3,1,Transfer
ROBOD,LSTM,256,0.05,10,32,999999999,17,0.823025,0.3633,0.82566,0.4472,0.449506996,0.781301214,0.316781838,3,1,Transfer
ROBOD,LSTM,256,0.05,10,32,1111,21,0.824561,0.367,0.858915,0.3656,0.413433954,0.830005065,0.332830114,4,1,Transfer
ROBOD,LSTM,256,0.05,10,32,22,24,0.80217,0.3946,0.861374,0.363,0.42084146,0.838732648,0.309115554,4,1,Transfer
ROBOD,LSTM,256,0.05,10,32,333,16,0.82396,0.3689,0.8597,0.3624,0.413573304,0.831490196,0.338715489,4,1,Transfer
ROBOD,LSTM,256,0.05,10,32,4444,25,0.830617,0.3582,0.857799,0.3682,0.411905147,0.826431844,0.338251353,4,1,Transfer
ROBOD,LSTM,256,0.05,10,32,5555,18,0.818203,0.3778,0.86249,0.3615,0.418096064,0.838209296,0.328788061,4,1,Transfer
ROBOD,LSTM,256,0.05,10,32,66666,18,0.826093,0.364,0.858357,0.3657,0.412212571,0.829748036,0.332065573,4,1,Transfer
ROBOD,LSTM,256,0.05,10,32,77777,25,0.813938,0.3788,0.857799,0.3658,0.415987204,0.830035351,0.316022346,4,1,Transfer
ROBOD,LSTM,256,0.05,10,32,888888,21,0.808827,0.3881,0.861932,0.3617,0.420773859,0.839455341,0.318623535,4,1,Transfer
ROBOD,LSTM,256,0.05,10,32,999999999,14,0.828467,0.363,0.863048,0.3638,0.414542801,0.834719297,0.344011681,4,1,Transfer
ROBOD,LSTM,256,0.05,10,32,1111,24,0.799632,0.3959,0.865261,0.3552,0.362539189,0.835749415,0.313143039,5,1,Transfer
ROBOD,LSTM,256,0.05,10,32,22,24,0.791467,0.4092,0.86441,0.3544,0.367384433,0.83609794,0.308477363,5,1,Transfer
ROBOD,LSTM,256,0.05,10,32,333,24,0.801911,0.3919,0.865243,0.3559,0.359893533,0.83506915,0.311303134,5,1,Transfer
ROBOD,LSTM,256,0.05,10,32,4444,25,0.805245,0.3881,0.863941,0.3565,0.358616504,0.831993476,0.313825137,5,1,Transfer
ROBOD,LSTM,256,0.05,10,32,5555,25,0.793498,0.4039,0.864393,0.3542,0.365227888,0.834868412,0.308594744,5,1,Transfer
ROBOD,LSTM,256,0.05,10,32,66666,25,0.7954,0.401,0.864827,0.3554,0.364205331,0.83522216,0.309256966,5,1,Transfer
ROBOD,LSTM,256,0.05,10,32,77777,25,0.802145,0.3913,0.864809,0.3558,0.359589257,0.83444409,0.309824684,5,1,Transfer
ROBOD,LSTM,256,0.05,10,32,888888,24,0.799554,0.3959,0.865261,0.3555,0.362482808,0.835749415,0.312986855,5,1,Transfer
ROBOD,LSTM,256,0.05,10,32,999999999,25,0.800661,0.3942,0.864844,0.3557,0.360519753,0.83426138,0.313718479,5,1,Transfer
ROBOD,LSTM,256,0.15,10,32,1111,25,0.833675,0.3464,0.708686,0.5708,0.430191918,0.62176998,0.314922717,1,2,Transfer
ROBOD,LSTM,256,0.15,10,32,22,25,0.833543,0.3454,0.708686,0.568,0.429825893,0.62176998,0.309542261,1,2,Transfer
ROBOD,LSTM,256,0.15,10,32,333,25,0.83341,0.3463,0.708686,0.5696,0.430612893,0.62176998,0.331449725,1,2,Transfer
ROBOD,LSTM,256,0.15,10,32,4444,25,0.835871,0.3425,0.703469,0.571,0.425066103,0.609368624,0.356714915,1,2,Transfer
ROBOD,LSTM,256,0.15,10,32,5555,25,0.835143,0.344,0.706859,0.5698,0.427707789,0.61623137,0.325121199,1,2,Transfer
ROBOD,LSTM,256,0.15,10,32,66666,25,0.835871,0.3423,0.703469,0.5705,0.425066103,0.609368624,0.373356436,1,2,Transfer
ROBOD,LSTM,256,0.15,10,32,77777,25,0.833477,0.3473,0.708686,0.5725,0.4304845,0.62176998,0.320313218,1,2,Transfer
ROBOD,LSTM,256,0.15,10,32,888888,25,0.833278,0.3473,0.708686,0.5721,0.430612893,0.62176998,0.329518071,1,2,Transfer
ROBOD,LSTM,256,0.15,10,32,999999999,25,0.833013,0.3468,0.708686,0.5702,0.430975862,0.62176998,0.312976698,1,2,Transfer
ROBOD,LSTM,256,0.15,10,32,1111,25,0.827988,0.346,0.77063,0.4926,0.444190692,0.720071172,0.392024865,2,2,Transfer
ROBOD,LSTM,256,0.15,10,32,22,24,0.828947,0.3405,0.76438,0.4914,0.439047303,0.706643937,0.401890098,2,2,Transfer
ROBOD,LSTM,256,0.15,10,32,333,25,0.828468,0.3448,0.769849,0.492,0.443427786,0.718737838,0.40027737,2,2,Transfer
ROBOD,LSTM,256,0.15,10,32,4444,25,0.832031,0.3354,0.75956,0.4908,0.434404744,0.697520419,0.395766653,2,2,Transfer
ROBOD,LSTM,256,0.15,10,32,5555,25,0.829427,0.3389,0.758779,0.4905,0.436906337,0.697751938,0.399805498,2,2,Transfer
ROBOD,LSTM,256,0.15,10,32,66666,22,0.829701,0.3384,0.760342,0.4931,0.43698236,0.700817598,0.41078196,2,2,Transfer
ROBOD,LSTM,256,0.15,10,32,77777,24,0.829701,0.3383,0.760342,0.492,0.436903669,0.700817598,0.388051382,2,2,Transfer
ROBOD,LSTM,256,0.15,10,32,888888,25,0.828125,0.3427,0.767505,0.492,0.441322528,0.712308634,0.398118428,2,2,Transfer
ROBOD,LSTM,256,0.15,10,32,999999999,24,0.830318,0.337,0.75956,0.4922,0.435945994,0.697520419,0.393150591,2,2,Transfer
ROBOD,LSTM,256,0.15,10,32,1111,21,0.829327,0.3392,0.789835,0.4279,0.427989324,0.745507675,0.40122508,3,2,Transfer
ROBOD,LSTM,256,0.15,10,32,22,22,0.828091,0.3409,0.789835,0.4275,0.428894553,0.745507675,0.402154651,3,2,Transfer
ROBOD,LSTM,256,0.15,10,32,333,23,0.826202,0.3433,0.790393,0.429,0.430612731,0.748912736,0.396907676,3,2,Transfer
ROBOD,LSTM,256,0.15,10,32,4444,25,0.828601,0.3402,0.789835,0.4254,0.427546686,0.745507675,0.395766653,3,2,Transfer
ROBOD,LSTM,256,0.15,10,32,5555,24,0.827437,0.3417,0.789835,0.4264,0.429291331,0.745507675,0.399257029,3,2,Transfer
ROBOD,LSTM,256,0.15,10,32,66666,22,0.82613,0.3432,0.790393,0.4296,0.430329607,0.748912736,0.41078196,3,2,Transfer
ROBOD,LSTM,256,0.15,10,32,77777,24,0.82613,0.3431,0.790393,0.4284,0.430317599,0.748912736,0.388051382,3,2,Transfer
ROBOD,LSTM,256,0.15,10,32,888888,25,0.824454,0.3476,0.794631,0.4305,0.434517324,0.758467157,0.398118428,3,2,Transfer
ROBOD,LSTM,256,0.15,10,32,999999999,23,0.828311,0.3402,0.789835,0.4273,0.428282585,0.745507675,0.396853752,3,2,Transfer
ROBOD,LSTM,256,0.15,10,32,1111,21,0.836629,0.3295,0.830247,0.366,0.390484366,0.774402821,0.436439095,4,2,Transfer
ROBOD,LSTM,256,0.15,10,32,22,14,0.836223,0.3302,0.830701,0.3655,0.392829471,0.775900138,0.441860496,4,2,Transfer
ROBOD,LSTM,256,0.15,10,32,333,16,0.835171,0.3322,0.833945,0.3649,0.394546219,0.782603048,0.437031925,4,2,Transfer
ROBOD,LSTM,256,0.15,10,32,4444,16,0.836223,0.3306,0.831817,0.3653,0.393900713,0.777793262,0.433191186,4,2,Transfer
ROBOD,LSTM,256,0.15,10,32,5555,18,0.834721,0.333,0.833945,0.3649,0.394418209,0.782603048,0.434734629,4,2,Transfer
ROBOD,LSTM,256,0.15,10,32,66666,18,0.836148,0.3313,0.832933,0.3654,0.393504667,0.779719664,0.433035544,4,2,Transfer
ROBOD,LSTM,256,0.15,10,32,77777,15,0.837531,0.3284,0.831363,0.3662,0.389393408,0.775592428,0.43519322,4,2,Transfer
ROBOD,LSTM,256,0.15,10,32,888888,17,0.836629,0.3299,0.83159,0.3658,0.391347323,0.776451882,0.430709893,4,2,Transfer
ROBOD,LSTM,256,0.15,10,32,999999999,14,0.834646,0.3327,0.834503,0.3646,0.39501801,0.785151009,0.436176817,4,2,Transfer
ROBOD,LSTM,256,0.15,10,32,1111,25,0.838672,0.3292,0.824896,0.3741,0.343789528,0.75447949,0.428627862,5,2,Transfer
ROBOD,LSTM,256,0.05,10,32,1111,15,0.74689,0.4337,0.857844,0.3518,0.392910938,0.824423494,0.178723012,5,0,Transfer
ROBOD,LSTM,256,0.05,10,32,22,6,0.676491,0.53,0.841555,0.3453,0.408992495,0.812741214,0.283311721,5,0,Transfer
ROBOD,LSTM,256,0.05,10,32,333,13,0.713306,0.5309,0.858835,0.3397,0.412652456,0.822588647,0.225614072,5,0,Transfer
ROBOD,LSTM,256,0.05,10,32,4444,8,0.709984,0.5041,0.854735,0.3487,0.404685308,0.820140022,0.222536968,5,0,Transfer
ROBOD,LSTM,256,0.05,10,32,5555,24,0.692688,0.543,0.851679,0.3678,0.39556808,0.821276141,0.189581746,5,0,Transfer
ROBOD,LSTM,256,0.05,10,32,66666,16,0.701849,0.5342,0.883832,0.3327,0.400018488,0.860886014,0.210400538,5,0,Transfer
ROBOD,LSTM,256,0.05,10,32,77777,19,0.758014,0.4667,0.859943,0.345,0.361683993,0.825936759,0.190870979,5,0,Transfer
ROBOD,LSTM,256,0.05,10,32,888888,1,0.796604,0.3883,0.86175,0.3514,0.401423867,0.826038776,0.574167667,5,0,Transfer
ROBOD,LSTM,256,0.05,10,32,999999999,1,0.721666,0.477,0.852575,0.3769,0.422216719,0.816527282,0.641650015,5,0,Transfer
ROBOD,LSTM,256,0.15,10,32,1111,25,0.838672,0.3292,0.824896,0.3741,0.343789528,0.75447949,0.428627862,5,2,Transfer
ROBOD,LSTM,256,0.15,10,32,22,24,0.835924,0.3326,0.828803,0.374,0.345758437,0.762829885,0.42476064,5,2,Transfer
ROBOD,LSTM,256,0.15,10,32,333,25,0.841328,0.3262,0.824879,0.3743,0.341654422,0.75140984,0.426026484,5,2,Transfer
ROBOD,LSTM,256,0.15,10,32,4444,25,0.842187,0.3254,0.825747,0.3746,0.341331126,0.752145989,0.429147589,5,2,Transfer
ROBOD,LSTM,256,0.15,10,32,5555,25,0.837969,0.3305,0.8275,0.3738,0.344787292,0.759364668,0.425513966,5,2,Transfer
ROBOD,LSTM,256,0.15,10,32,66666,25,0.840703,0.3268,0.824896,0.3746,0.342348322,0.751844866,0.429099688,5,2,Transfer
ROBOD,LSTM,256,0.15,10,32,77777,25,0.841016,0.3261,0.824879,0.3746,0.341353166,0.751578683,0.428348385,5,2,Transfer
ROBOD,LSTM,256,0.15,10,32,888888,24,0.840781,0.3262,0.82533,0.3747,0.341950524,0.752352222,0.433531077,5,2,Transfer
ROBOD,LSTM,256,0.15,10,32,999999999,25,0.841641,0.3253,0.824879,0.3746,0.341360474,0.75140984,0.430562383,5,2,Transfer
ROBOD,LSTM,256,0.05,10,32,1111,12,0.659759,0.6603,0.573411,0.6841,0.422668208,0.485094378,0.57394357,1,2,No transfer
ROBOD,LSTM,256,0.05,10,32,22,17,0.678518,0.6631,0.582786,0.6714,0.434215241,0.488883638,0.579697748,1,2,No transfer
ROBOD,LSTM,256,0.05,10,32,333,23,0.670186,0.6714,0.588003,0.6757,0.438638159,0.509249197,0.532878523,1,2,No transfer
ROBOD,LSTM,256,0.05,10,32,4444,9,0.326405,0.7122,0.551377,0.6985,0.35203819,0.600249234,0.657141852,1,2,No transfer
ROBOD,LSTM,256,0.05,10,32,5555,8,0.414857,0.7294,0.4933,0.7025,0.38203155,0.584536749,0.634351812,1,2,No transfer
ROBOD,LSTM,256,0.05,10,32,66666,16,0.54596,0.7287,0.649484,0.6973,0.423537943,0.631137255,0.57984242,1,2,No transfer
ROBOD,LSTM,256,0.05,10,32,77777,21,0.674578,0.6533,0.584997,0.6611,0.43002595,0.487336521,0.503381951,1,2,No transfer
ROBOD,LSTM,256,0.05,10,32,888888,20,0.681144,0.662,0.588771,0.6683,0.429404433,0.485229979,0.519784235,1,2,No transfer
ROBOD,LSTM,256,0.05,10,32,999999999,18,0.674611,0.6541,0.59334,0.6671,0.438842671,0.513904279,0.571981965,1,2,No transfer
ROBOD,LSTM,256,0.05,10,32,1111,25,0.652689,0.7019,0.667479,0.6491,0.458954042,0.608698378,0.453082697,2,2,No transfer
ROBOD,LSTM,256,0.05,10,32,22,24,0.644397,0.6385,0.661613,0.6505,0.455907427,0.586763944,0.463974363,2,2,No transfer
ROBOD,LSTM,256,0.05,10,32,333,22,0.660126,0.7052,0.675424,0.6577,0.458865421,0.612600403,0.438748454,2,2,No transfer
ROBOD,LSTM,256,0.05,10,32,4444,25,0.701549,0.5818,0.669306,0.6137,0.457856677,0.582152942,0.406777115,2,2,No transfer
ROBOD,LSTM,256,0.05,10,32,5555,24,0.679827,0.6312,0.673464,0.6359,0.455873175,0.620797567,0.417352172,2,2,No transfer
ROBOD,LSTM,256,0.05,10,32,66666,22,0.687228,0.6456,0.645975,0.6318,0.453672196,0.56855034,0.439472581,2,2,No transfer
ROBOD,LSTM,256,0.05,10,32,77777,25,0.687449,0.631,0.631912,0.636,0.45444591,0.538483469,0.407364512,2,2,No transfer
ROBOD,LSTM,256,0.05,10,32,888888,25,0.653785,0.6557,0.666433,0.618,0.455392884,0.604362861,0.398523842,2,2,No transfer
ROBOD,LSTM,256,0.05,10,32,999999999,23,0.668073,0.6144,0.651841,0.6355,0.445813466,0.55514927,0.405280419,2,2,No transfer
ROBOD,LSTM,256,0.05,10,32,1111,25,0.688834,0.6784,0.696171,0.5946,0.460456991,0.623147968,0.406348512,3,2,No transfer
ROBOD,LSTM,256,0.05,10,32,22,25,0.661355,0.6265,0.712336,0.5598,0.445764329,0.64572871,0.395191562,3,2,No transfer
ROBOD,LSTM,256,0.05,10,32,333,23,0.68134,0.6623,0.678173,0.6217,0.437104537,0.578053129,0.494551767,3,2,No transfer
ROBOD,LSTM,256,0.05,10,32,4444,25,0.678455,0.6557,0.70161,0.5849,0.458336473,0.635166372,0.421780298,3,2,No transfer
ROBOD,LSTM,256,0.05,10,32,5555,25,0.624154,0.6141,0.708466,0.5651,0.438145388,0.637052138,0.411382552,3,2,No transfer
ROBOD,LSTM,256,0.05,10,32,66666,24,0.687946,0.6435,0.688444,0.6038,0.44974107,0.600795536,0.450257814,3,2,No transfer
ROBOD,LSTM,256,0.05,10,32,77777,25,0.675468,0.6572,0.683962,0.6115,0.44745634,0.603261595,0.460663006,3,2,No transfer
ROBOD,LSTM,256,0.05,10,32,888888,25,0.66469,0.7166,0.715874,0.5986,0.455853751,0.663323177,0.412912605,3,2,No transfer
ROBOD,LSTM,256,0.05,10,32,999999999,25,0.662667,0.631,0.706075,0.5602,0.452368944,0.637167278,0.412078071,3,2,No transfer
ROBOD,LSTM,256,0.05,10,32,1111,25,0.647085,0.574,0.821717,0.4269,0.442959785,0.775204315,0.382529261,4,2,No transfer
ROBOD,LSTM,256,0.05,10,32,22,25,0.641323,0.5765,0.797249,0.4762,0.441613265,0.73893091,0.454685703,4,2,No transfer
ROBOD,LSTM,256,0.05,10,32,333,25,0.634854,0.6293,0.807852,0.461,0.438572675,0.772176974,0.448215839,4,2,No transfer
ROBOD,LSTM,256,0.05,10,32,4444,25,0.677032,0.5354,0.804136,0.4907,0.43981142,0.72784297,0.459777422,4,2,No transfer
ROBOD,LSTM,256,0.05,10,32,1111,25,0.675883,0.5601,0.822973,0.452,0.413037859,0.76577006,0.438988545,5,2,No transfer
ROBOD,LSTM,256,0.05,10,32,22,25,0.596708,0.6587,0.805213,0.4717,0.390835114,0.760173736,0.47186026,5,2,No transfer
ROBOD,LSTM,256,0.05,10,32,333,25,0.659395,0.62,0.837871,0.4274,0.406133791,0.792930038,0.402072502,5,2,No transfer
ROBOD,LSTM,256,0.05,10,32,4444,25,0.629755,0.5828,0.820475,0.4391,0.399240798,0.775006032,0.400614765,5,2,No transfer
ROBOD,LSTM,256,0.05,10,32,5555,25,0.722967,0.5367,0.792069,0.4899,0.406226184,0.704050018,0.488630112,5,2,No transfer
ROBOD,LSTM,256,0.05,10,32,66666,25,0.62159,0.5649,0.807401,0.4526,0.398565771,0.758535757,0.414833194,5,2,No transfer
ROBOD,LSTM,256,0.05,10,32,77777,25,0.620034,0.5819,0.796984,0.4554,0.394186547,0.745453578,0.437476537,5,2,No transfer
ROBOD,LSTM,256,0.05,10,32,888888,25,0.660385,0.5682,0.801547,0.4455,0.409173884,0.737516495,0.404628811,5,2,No transfer
ROBOD,LSTM,256,0.05,10,32,999999999,25,0.603532,0.6103,0.809084,0.4416,0.392003067,0.773364827,0.421141872,5,2,No transfer
ROBOD,LSTM,256,0.05,10,32,1111,0,0.450079,0.6968,0,10000000000,0.386136463,0,0,0,0,No transfer
ROBOD,LSTM,256,0.05,10,32,1111,0,0.797255,0.4791,0,10000000000,0.456175209,0,0,0,1,Transfer
ROBOD,LSTM,512,0.05,10,32,1111,25,0.670054,0.5927,0.779158,0.5702,0.391855446,0.702298932,0.556379895,6,0,No transfer
ROBOD,LSTM,512,0.05,10,32,1111,25,0.6876,0.5455,0.821726,0.4851,0.41245607,0.738072887,0.500539791,7,0,No transfer
ROBOD,LSTM,512,0.05,10,32,1111,25,0.619036,0.6459,0.754781,0.5386,0.38945088,0.70696308,0.516093983,8,0,No transfer
ROBOD,LSTM,512,0.05,10,32,1111,25,0.618962,0.6516,0.770862,0.496,0.39908346,0.734788917,0.434658594,9,0,No transfer
ROBOD,LSTM,512,0.05,10,32,22,25,0.711292,0.5737,0.735883,0.5653,0.375842661,0.618215587,0.568961993,6,0,No transfer
ROBOD,LSTM,512,0.05,10,32,22,25,0.702535,0.5864,0.774184,0.534,0.391237392,0.665615042,0.538468872,7,0,No transfer
ROBOD,LSTM,512,0.05,10,32,22,25,0.661272,0.6531,0.776356,0.532,0.409733155,0.710345069,0.514333259,8,0,No transfer
ROBOD,LSTM,512,0.05,10,32,22,25,0.64189,0.5866,0.748852,0.5141,0.41336418,0.711864086,0.48051325,9,0,No transfer
ROBOD,LSTM,512,0.05,10,32,333,25,0.708231,0.5877,0.729713,0.5898,0.363797448,0.602804566,0.593908192,6,0,No transfer
ROBOD,LSTM,512,0.05,10,32,333,25,0.68443,0.552,0.762592,0.5156,0.390625447,0.664086383,0.529820286,7,0,No transfer
ROBOD,LSTM,512,0.05,10,32,333,25,0.606926,0.6395,0.781057,0.4761,0.393217296,0.731271488,0.430116739,8,0,No transfer
ROBOD,LSTM,512,0.05,10,32,333,25,0.683704,0.6224,0.74369,0.5248,0.407959974,0.697015815,0.47610049,9,0,No transfer
ROBOD,LSTM,512,0.05,10,32,4444,25,0.671279,0.5979,0.783094,0.5728,0.405401371,0.704857877,0.567658992,6,0,No transfer
ROBOD,LSTM,512,0.05,10,32,4444,25,0.703526,0.5633,0.782905,0.5277,0.401026157,0.681580202,0.543886636,7,0,No transfer
ROBOD,LSTM,512,0.05,10,32,4444,25,0.685651,0.5798,0.759175,0.5253,0.392657814,0.668624215,0.507996609,8,0,No transfer
ROBOD,LSTM,512,0.05,10,32,4444,24,0.595368,0.6329,0.765094,0.5047,0.391407369,0.735402185,0.42045376,9,0,No transfer
ROBOD,LSTM,512,0.05,10,32,55555,25,0.729323,0.5423,0.734255,0.5643,0.361442591,0.575733879,0.564731621,6,0,No transfer
ROBOD,LSTM,512,0.05,10,32,5555,25,0.685704,0.5997,0.754589,0.546,0.391466,0.654701048,0.553103265,7,0,No transfer
ROBOD,LSTM,512,0.05,10,32,55555,25,0.69215,0.6028,0.75359,0.5675,0.393428024,0.660120969,0.567975692,8,0,No transfer
ROBOD,LSTM,512,0.05,10,32,5555,25,0.612836,0.5984,0.774189,0.4863,0.401909081,0.740710087,0.431466728,9,0,No transfer
ROBOD,LSTM,512,0.05,10,32,66666,25,0.692394,0.6032,0.760608,0.5664,0.396181528,0.666342011,0.564494515,6,0,No transfer
ROBOD,LSTM,512,0.05,10,32,66666,25,0.705175,0.5481,0.748434,0.5336,0.392013228,0.638810341,0.541787566,7,0,No transfer
ROBOD,LSTM,512,0.05,10,32,66666,25,0.589986,0.6018,0.757619,0.4809,0.387728026,0.718931516,0.448886211,8,0,No transfer
ROBOD,LSTM,512,0.05,10,32,66666,25,0.677308,0.6042,0.732518,0.5189,0.40926517,0.687670448,0.48111482,9,0,No transfer
ROBOD,LSTM,512,0.05,10,32,77777,25,0.72318,0.5951,0.726147,0.5999,0.354035367,0.570321762,0.601865747,6,0,No transfer
ROBOD,LSTM,512,0.05,10,32,77777,25,0.681171,0.5762,0.773307,0.5366,0.393086321,0.684437132,0.539215927,7,0,No transfer
ROBOD,LSTM,512,0.05,10,32,77777,25,0.683149,0.5822,0.78191,0.5095,0.412176464,0.719539835,0.4977448,8,0,No transfer
ROBOD,LSTM,512,0.05,10,32,77777,25,0.637247,0.6185,0.780354,0.5063,0.403873532,0.742197427,0.438976057,9,0,No transfer
ROBOD,LSTM,512,0.05,10,32,888888,25,0.707075,0.6053,0.750615,0.5854,0.387516696,0.618259391,0.589802706,6,0,No transfer
ROBOD,LSTM,512,0.05,10,32,888888,25,0.703816,0.5623,0.760966,0.535,0.38700012,0.658012579,0.54780897,7,0,No transfer
ROBOD,LSTM,512,0.05,10,32,888888,25,0.64035,0.6106,0.783198,0.4935,0.39761696,0.725385597,0.465508711,8,0,No transfer
ROBOD,LSTM,512,0.05,10,32,888888,25,0.649824,0.6013,0.768968,0.4814,0.413862487,0.728724475,0.419971221,9,0,No transfer
ROBOD,LSTM,512,0.05,10,32,9999999,25,0.721097,0.5941,0.758758,0.5719,0.406209722,0.622720272,0.566958773,6,0,No transfer
ROBOD,LSTM,512,0.05,10,32,9999999,25,0.710302,0.5609,0.774406,0.5193,0.408803937,0.682381892,0.514966085,7,0,No transfer
ROBOD,LSTM,512,0.05,10,32,9999999,25,0.696931,0.5549,0.74428,0.5236,0.401396786,0.650096896,0.513788562,8,0,No transfer
ROBOD,LSTM,512,0.05,10,32,9999999,25,0.631573,0.6243,0.753278,0.5143,0.398395328,0.72695555,0.452125177,9,0,No transfer
ROBOD,LSTM,512,0.05,10,32,1111,25,0.848613,0.331,0.831116,0.39,0.410085819,0.739548876,0.397750609,6,1,Transfer
ROBOD,LSTM,512,0.05,10,32,1111,24,0.845903,0.332,0.837989,0.3674,0.409210065,0.767340445,0.384178077,7,1,Transfer
ROBOD,LSTM,512,0.05,10,32,1111,25,0.856637,0.3183,0.753692,0.4608,0.40705867,0.52643517,0.413160115,8,1,Transfer
ROBOD,LSTM,512,0.05,10,32,22,22,0.838172,0.3472,0.841942,0.3745,0.407888521,0.768213383,0.349051494,6,1,Transfer
ROBOD,LSTM,512,0.05,10,32,22,25,0.855282,0.3207,0.809937,0.406,0.407492379,0.700859628,0.417994953,7,1,Transfer
ROBOD,LSTM,512,0.05,10,32,22,25,0.838363,0.3412,0.800357,0.3815,0.41265379,0.687932895,0.35262783,8,1,Transfer
ROBOD,LSTM,512,0.05,10,32,1111,25,0.820369,0.3626,0.816385,0.3932,0.426030122,0.760535102,0.33962068,9,1,Transfer
ROBOD,LSTM,512,0.05,10,32,333,21,0.842322,0.3404,0.839777,0.3794,0.410522422,0.761446986,0.371106452,6,1,Transfer
ROBOD,LSTM,512,0.05,10,32,333,1,0.856393,0.3204,0.80505,0.4118,0.406723232,0.684174502,0.554861306,7,1,Transfer
ROBOD,LSTM,512,0.05,10,32,333,25,0.856719,0.3182,0.75183,0.4612,0.406975667,0.519704449,0.411668488,8,1,Transfer
ROBOD,LSTM,512,0.05,10,32,22,25,0.819343,0.364,0.818735,0.393,0.42572192,0.764541298,0.340504722,9,1,Transfer
ROBOD,LSTM,512,0.05,10,32,4444,25,0.848585,0.3308,0.831767,0.3898,0.410380652,0.741287575,0.381051035,6,1,Transfer
ROBOD,LSTM,512,0.05,10,32,4444,24,0.852841,0.3214,0.825362,0.3866,0.406644742,0.739273615,0.395449883,7,1,Transfer
ROBOD,LSTM,512,0.05,10,32,4444,25,0.849777,0.3236,0.775605,0.4186,0.40752154,0.622260136,0.385652309,8,1,Transfer
ROBOD,LSTM,512,0.05,10,32,333,25,0.822754,0.3583,0.81434,0.394,0.423065483,0.755409771,0.339696546,9,1,Transfer
ROBOD,LSTM,512,0.05,10,32,55555,25,0.85173,0.3259,0.824294,0.4027,0.407865114,0.720695927,0.396736163,6,1,Transfer
ROBOD,LSTM,512,0.05,10,32,5555,1,0.856475,0.3209,0.814742,0.4076,0.408061264,0.703114035,0.53824341,7,1,Transfer
ROBOD,LSTM,512,0.05,10,32,55555,25,0.849858,0.3219,0.776094,0.4231,0.405367081,0.622784365,0.385980958,8,1,Transfer
ROBOD,LSTM,512,0.05,10,32,4444,25,0.819938,0.3632,0.817361,0.3933,0.426027752,0.763186506,0.338705057,9,1,Transfer
ROBOD,LSTM,512,0.05,10,32,66666,24,0.836845,0.3492,0.841828,0.3732,0.409307629,0.768553531,0.354022498,6,1,Transfer
ROBOD,LSTM,512,0.05,10,32,66666,25,0.851811,0.3222,0.825362,0.3846,0.406311431,0.739273615,0.403507694,7,1,Transfer
ROBOD,LSTM,512,0.05,10,32,66666,1,0.857289,0.3187,0.742611,0.4664,0.405112622,0.493529094,0.531279029,8,1,Transfer
ROBOD,LSTM,512,0.05,10,32,5555,25,0.817716,0.3653,0.819223,0.3927,0.425054941,0.765200946,0.336573421,9,1,Transfer
ROBOD,LSTM,512,0.05,10,32,77777,23,0.848991,0.3288,0.829276,0.392,0.407619497,0.734818263,0.399435773,6,1,Transfer
ROBOD,LSTM,512,0.05,10,32,77777,25,0.855038,0.3202,0.816705,0.3994,0.409419165,0.718071441,0.419308424,7,1,Transfer
ROBOD,LSTM,512,0.05,10,32,77777,25,0.857207,0.3186,0.748106,0.4673,0.405709073,0.505901812,0.408680323,8,1,Transfer
ROBOD,LSTM,512,0.05,10,32,66666,25,0.816697,0.3685,0.819132,0.3923,0.425662966,0.764488421,0.33970975,9,1,Transfer
ROBOD,LSTM,512,0.05,10,32,888888,23,0.841345,0.3432,0.841942,0.3783,0.411245367,0.767266755,0.37220792,6,1,Transfer
ROBOD,LSTM,512,0.05,10,32,888888,25,0.852381,0.3227,0.826143,0.3858,0.407287741,0.741656924,0.399358605,7,1,Transfer
ROBOD,LSTM,512,0.05,10,32,888888,25,0.839014,0.3405,0.799869,0.3834,0.412095695,0.686959319,0.353004534,8,1,Transfer
ROBOD,LSTM,512,0.05,10,32,77777,25,0.819173,0.3637,0.819223,0.3931,0.425667022,0.764900298,0.337587977,9,1,Transfer
ROBOD,LSTM,512,0.05,10,32,9999999,25,0.835083,0.352,0.84204,0.3741,0.4096569,0.769237175,0.337197723,6,1,Transfer
ROBOD,LSTM,512,0.05,10,32,9999999,25,0.854794,0.3206,0.817095,0.3989,0.4097173,0.719265335,0.418307192,7,1,Transfer
ROBOD,LSTM,512,0.05,10,32,9999999,25,0.849614,0.3227,0.776094,0.421,0.405809912,0.622784365,0.38610066,8,1,Transfer
ROBOD,LSTM,512,0.05,10,32,888888,25,0.820454,0.3629,0.816873,0.3931,0.426142067,0.7618252,0.339688787,9,1,Transfer
ROBOD,LSTM,512,0.05,10,32,9999999,25,0.82114,0.3613,0.816385,0.3934,0.425976709,0.760772222,0.340468622,9,1,Transfer
ROBOD,RF,,,,,,,0.531743992,18.76324744,,,0.416806723,,,1,2,RF
ROBOD,RF,,,,,,,0.40933042,9.905371224,,,0.238316208,,,2,2,RF
ROBOD,RF,,,,,,,0.411183772,9.534266943,,,0.240488897,,,3,2,RF
ROBOD,RF,,,,,,,0.57160016,5.913940283,,,0.328592345,,,4,2,RF
ROBOD,RF,,,,,,,0.57160016,5.913940283,,,0.328592345,,,5,2,RF
ROBOD,RF,,,,,,,0.580499653,5.67445589,,,0.334763948,,,6,2,RF
ROBOD,RF,,,,,,,0.509975423,4.181367073,,,0.13939317,,,7,2,RF
ROBOD,RF,,,,,,,0.432719867,3.254721085,,,0.27759101,,,8,2,RF
ROBOD,RF,,,,,,,0.506623561,2.536988548,,,0.24276897,,,9,2,RF
ROBOD,RF,,,,,,,0.569221873,2.059450526,,,0.304202802,,,10,2,RF
ROBOD,RF,,,,,,,0.354453155,21.33918948,,,0.314172583,,,1,2,RF
ROBOD,RF,,,,,,,0.628068372,8.902090215,,,0.407695456,,,2,2,RF
ROBOD,RF,,,,,,,0.63178967,8.557208267,,,0.407303974,,,3,2,RF
ROBOD,RF,,,,,,,0.495462432,6.072976371,,,0.317537684,,,4,2,RF
ROBOD,RF,,,,,,,0.495462432,6.072976371,,,0.317537684,,,5,2,RF
ROBOD,RF,,,,,,,0.494587092,5.841129225,,,0.310517845,,,6,2,RF
ROBOD,RF,,,,,,,0.353187798,4.387715447,,,0.233116215,,,7,2,RF
ROBOD,RF,,,,,,,0.546839644,3.169063613,,,0.28781413,,,8,2,RF
ROBOD,RF,,,,,,,0.486043211,2.596389887,,,0.258306782,,,9,2,RF
ROBOD,RF,,,,,,,0.587559888,2.052041643,,,0.329528669,,,10,2,RF
ROBOD,RF,,,,,,,0.517799769,18.94363247,,,0.350865052,,,1,2,RF
ROBOD,RF,,,,,,,0.474360622,9.608367047,,,0.331152903,,,2,2,RF
ROBOD,RF,,,,,,,0.469438142,9.26977071,,,0.3296518,,,3,2,RF
ROBOD,RF,,,,,,,0.511077005,5.98880795,,,0.252880595,,,4,2,RF
ROBOD,RF,,,,,,,0.511077005,5.98880795,,,0.252880595,,,5,2,RF
ROBOD,RF,,,,,,,0.514573213,5.753120386,,,0.23760218,,,6,2,RF
ROBOD,RF,,,,,,,0.430388897,4.261561597,,,0.264239029,,,7,2,RF
ROBOD,RF,,,,,,,0.509729974,3.190262284,,,0.191542289,,,8,2,RF
ROBOD,RF,,,,,,,0.584292698,2.487567853,,,0.36236091,,,9,2,RF
ROBOD,RF,,,,,,,0.552370725,2.056858217,,,0.251002073,,,10,2,RF
ROBOD,RF,,,,,,,0.496144454,19.23445104,,,0.244823269,,,1,2,RF
ROBOD,RF,,,,,,,0.595489012,9.127272861,,,0.370688793,,,2,2,RF
ROBOD,RF,,,,,,,0.598692113,8.779362536,,,0.373672152,,,3,2,RF
ROBOD,RF,,,,,,,0.618043507,5.823241913,,,0.288590604,,,4,2,RF
ROBOD,RF,,,,,,,0.618043507,5.823241913,,,0.288590604,,,5,2,RF
ROBOD,RF,,,,,,,0.620610687,5.5949427,,,0.281319837,,,6,2,RF
ROBOD,RF,,,,,,,0.571707388,4.071636704,,,0.30285916,,,7,2,RF
ROBOD,RF,,,,,,,0.572182833,3.140111097,,,0.297498142,,,8,2,RF
ROBOD,RF,,,,,,,0.612127425,2.465660543,,,0.254809877,,,9,2,RF
ROBOD,RF,,,,,,,0.57252602,2.053930389,,,0.299444971,,,10,2,RF
ROBOD,RF,,,,,,,0.651715718,17.51488602,,,0.320972187,,,1,2,RF
ROBOD,RF,,,,,,,0.471918777,9.555645092,,,0.347984767,,,2,2,RF
ROBOD,RF,,,,,,,0.470439076,9.205023811,,,0.345754328,,,3,2,RF
ROBOD,RF,,,,,,,0.596022955,5.837077245,,,0.379076923,,,4,2,RF
ROBOD,RF,,,,,,,0.596022955,5.837077245,,,0.379076923,,,5,2,RF
ROBOD,RF,,,,,,,0.598959056,5.6068691,,,0.36972407,,,6,2,RF
ROBOD,RF,,,,,,,0.549081972,4.130198184,,,0.304880767,,,7,2,RF
ROBOD,RF,,,,,,,0.495399004,3.251541515,,,0.281572165,,,8,2,RF
ROBOD,RF,,,,,,,0.450638701,2.576397602,,,0.282270526,,,9,2,RF
ROBOD,RF,,,,,,,0.489674542,2.09247576,,,0.156471873,,,10,2,RF
ROBOD,RF,,,,,,,0.63809279,17.66222104,,,0.316172899,,,1,2,RF
ROBOD,RF,,,,,,,0.565544275,9.167808295,,,0.377955654,,,2,2,RF
ROBOD,RF,,,,,,,0.563659415,8.834674838,,,0.380013274,,,3,2,RF
ROBOD,RF,,,,,,,0.468637395,6.08896711,,,0.25110505,,,4,2,RF
ROBOD,RF,,,,,,,0.468637395,6.08896711,,,0.25110505,,,5,2,RF
ROBOD,RF,,,,,,,0.470229008,5.85562008,,,0.241756059,,,6,2,RF
ROBOD,RF,,,,,,,0.575249386,4.074783329,,,0.292048193,,,7,2,RF
ROBOD,RF,,,,,,,0.625131996,3.073884015,,,0.30059105,,,8,2,RF
ROBOD,RF,,,,,,,0.442911213,2.591265729,,,0.165978043,,,9,2,RF
ROBOD,RF,,,,,,,0.702626797,1.997513662,,,0.415394609,,,10,2,RF
ROBOD,RF,,,,,,,0.382791415,19.96652302,,,0.388255525,,,1,2,RF
ROBOD,RF,,,,,,,0.462665467,9.585745382,,,0.242160595,,,2,2,RF
ROBOD,RF,,,,,,,0.466635526,9.213564715,,,0.245445105,,,3,2,RF
ROBOD,RF,,,,,,,0.491925797,6.063813766,,,0.338373306,,,4,2,RF
ROBOD,RF,,,,,,,0.491925797,6.063813766,,,0.338373306,,,5,2,RF
ROBOD,RF,,,,,,,0.490770298,5.832390381,,,0.33484409,,,6,2,RF
ROBOD,RF,,,,,,,0.567442533,4.097337609,,,0.311550851,,,7,2,RF
ROBOD,RF,,,,,,,0.550384673,3.172433525,,,0.344729032,,,8,2,RF
ROBOD,RF,,,,,,,0.477132944,2.582131184,,,0.285529577,,,9,2,RF
ROBOD,RF,,,,,,,0.487113828,2.092206302,,,0.195621194,,,10,2,RF
ROBOD,RF,,,,,,,0.58141627,18.03792957,,,0.405439942,,,1,2,RF
ROBOD,RF,,,,,,,0.475453027,9.561606043,,,0.340789792,,,2,2,RF
ROBOD,RF,,,,,,,0.475777392,9.210849045,,,0.341050159,,,3,2,RF
ROBOD,RF,,,,,,,0.544241292,5.953831349,,,0.291640738,,,4,2,RF
ROBOD,RF,,,,,,,0.544241292,5.953831349,,,0.291640738,,,5,2,RF
ROBOD,RF,,,,,,,0.549548924,5.714557679,,,0.29499294,,,6,2,RF
ROBOD,RF,,,,,,,0.538817406,4.129637227,,,0.307274701,,,7,2,RF
ROBOD,RF,,,,,,,0.476919596,3.230918908,,,0.277980219,,,8,2,RF
ROBOD,RF,,,,,,,0.465226305,2.559162253,,,0.295742471,,,9,2,RF
ROBOD,RF,,,,,,,0.437469024,2.122460763,,,0.255249344,,,10,2,RF
ROBOD,RF,,,,,,,0.418262434,19.6478206,,,0.326864451,,,1,2,RF
ROBOD,RF,,,,,,,0.388574733,9.895180749,,,0.244661427,,,2,2,RF
ROBOD,RF,,,,,,,0.381756306,9.555782386,,,0.239139361,,,3,2,RF
ROBOD,RF,,,,,,,0.413118911,6.232178959,,,0.230870136,,,4,2,RF
ROBOD,RF,,,,,,,0.413118911,6.232178959,,,0.230870136,,,5,2,RF
ROBOD,RF,,,,,,,0.411450382,5.998062399,,,0.230189707,,,6,2,RF
ROBOD,RF,,,,,,,0.579947954,4.068808173,,,0.290216196,,,7,2,RF
ROBOD,RF,,,,,,,0.506562076,3.160845915,,,0.261625282,,,8,2,RF
ROBOD,RF,,,,,,,0.629553698,2.481003806,,,0.2659375,,,9,2,RF
ROBOD,RF,,,,,,,0.510242855,2.088815035,,,0.167626,,,10,2,RF
ROBOD,Naive,512,0.05,10,32,1111,0,0.723707,4.419,0,10000000000,0.43651089,0,0,0,0,Naive
ROBOD,Naive,512,0.05,10,32,1111,0,0.723707,4.419,0,10000000000,0.43651089,0,0,1,0,Naive
ROBOD,Naive,512,0.05,10,32,1111,0,0.734106,4.2523,0,10000000000,0.437210443,0,0,2,0,Naive
ROBOD,Naive,512,0.05,10,32,1111,0,0.727486,4.3572,0,10000000000,0.458372028,0,0,3,0,Naive
ROBOD,Naive,512,0.05,10,32,1111,0,0.729761,4.3199,0,10000000000,0.431217328,0,0,4,0,Naive
ROBOD,Naive,512,0.05,10,32,1111,0,0.734132,4.2493,0,10000000000,0.416908372,0,0,5,0,Naive
ROBOD,Naive,512,0.05,10,32,1111,0,0.732239,4.2792,0,10000000000,0.400848707,0,0,6,0,Naive
ROBOD,Naive,512,0.05,10,32,1111,0,0.732239,4.2792,0,10000000000,0.400848707,0,0,7,0,Naive
ROBOD,Naive,512,0.05,10,32,1111,0,0.732239,4.2792,0,10000000000,0.400848707,0,0,8,0,Naive
ROBOD,Naive,512,0.05,10,32,1111,0,0.731263,4.2937,0,10000000000,0.412218233,0,0,9,0,Naive
ROBOD,Naive,512,0.05,10,32,1111,0,0.724304,4.4038,0,10000000000,0.384703337,0,0,10,0,Naive
